{
    "gaussian": {
        "execution_time": 20252.496,
        "delay": 5.808,
        "cycles": 3487,
        "method": "milp",
        "speedup": 1.334033098932596
    },
    "covariance_float": {
        "execution_time": 748765.3659999999,
        "delay": 4.183,
        "cycles": 179002,
        "method": "milp",
        "speedup": 1.1218893903808045
    },
    "insertion_sort": {
        "execution_time": 1315.248,
        "delay": 8.272,
        "cycles": 159,
        "method": "milp",
        "speedup": 1.2153449387491941
    },
    "gemver": {
        "execution_time": 40051.692,
        "delay": 6.021,
        "cycles": 6652,
        "method": "milp",
        "speedup": 1.4222180675912517
    },
    "gsumif": {
        "execution_time": 22402.8,
        "delay": 5.334,
        "cycles": 4200,
        "method": "milp",
        "speedup": 1.1811211098612673
    },
    "gsum": {
        "execution_time": 21391.824,
        "delay": 4.976,
        "cycles": 4299,
        "method": "milp",
        "speedup": 1.1768944995059796
    },
    "matrix": {
        "execution_time": 224336.96999999997,
        "delay": 6.435,
        "cycles": 34862,
        "method": "milp",
        "speedup": 2.0996521438263165
    },
    "mvt_float": {
        "execution_time": 100501.90800000001,
        "delay": 4.966,
        "cycles": 20238,
        "method": "milp",
        "speedup": 0.7665570886475109
    },
    "stencil_2d": {
        "execution_time": 108509.33600000001,
        "delay": 5.102,
        "cycles": 21268,
        "method": "milp",
        "speedup": 1.404946206656356
    }
}