{
    "gaussian": {
        "execution_time": 16013.184000000001,
        "delay": 4.224,
        "cycles": 3791,
        "method": "milp",
        "speedup": 1.6872034943206797
    },
    "covariance_float": {
        "execution_time": 908226.725,
        "delay": 4.955,
        "cycles": 183295,
        "method": "milp",
        "speedup": 0.9249143378818763
    },
    "insertion_sort": {
        "execution_time": 900.22,
        "delay": 4.738,
        "cycles": 190,
        "method": "milp",
        "speedup": 1.7756548399280176
    },
    "gemver": {
        "execution_time": 75713.745,
        "delay": 5.965,
        "cycles": 12693,
        "method": "milp",
        "speedup": 0.7523368445187859
    },
    "gsumif": {
        "execution_time": 22524.12,
        "delay": 5.34,
        "cycles": 4218,
        "method": "milp",
        "speedup": 1.1747593246706198
    },
    "gsum": {
        "execution_time": 22793.760000000002,
        "delay": 5.28,
        "cycles": 4317,
        "method": "milp",
        "speedup": 1.1045093043008263
    },
    "matrix": {
        "execution_time": 444234.12,
        "delay": 4.422,
        "cycles": 100460,
        "method": "milp",
        "speedup": 1.0603183744643476
    },
    "mvt_float": {
        "execution_time": 84983.047,
        "delay": 4.243,
        "cycles": 20029,
        "method": "milp",
        "speedup": 0.9065390418397212
    },
    "stencil_2d": {
        "execution_time": 173113.847,
        "delay": 4.897,
        "cycles": 35351,
        "method": "milp",
        "speedup": 0.8806330784157318
    }
}