{
    "gsum": {
        "execution_time": 21294.798,
        "delay": 4.074,
        "cycles": 5227,
        "method": "milp",
        "speedup": 1.182256812203619
    },
    "gsumif": {
        "execution_time": 22032.47,
        "delay": 4.274,
        "cycles": 5155,
        "method": "milp",
        "speedup": 1.2009738354347015
    }
}