{
    "gaussian": {
        "execution_time": 21652.428,
        "delay": 6.287,
        "cycles": 3444,
        "method": "milp",
        "speedup": 1.247781542097727
    },
    "covariance_float": {
        "execution_time": 866685.856,
        "delay": 4.742,
        "cycles": 182768,
        "method": "milp",
        "speedup": 0.9692461393993257
    },
    "insertion_sort": {
        "execution_time": 846.039,
        "delay": 5.321,
        "cycles": 159,
        "method": "milp",
        "speedup": 1.8893691661968302
    },
    "gemver": {
        "execution_time": 64024.839,
        "delay": 5.297,
        "cycles": 12087,
        "method": "milp",
        "speedup": 0.8896897030853915
    },
    "gsumif": {
        "execution_time": 22839.6,
        "delay": 5.438,
        "cycles": 4200,
        "method": "milp",
        "speedup": 1.158532548731151
    },
    "gsum": {
        "execution_time": 23330.673,
        "delay": 5.427,
        "cycles": 4299,
        "method": "milp",
        "speedup": 1.0790910317932108
    },
    "matrix": {
        "execution_time": 312585.435,
        "delay": 4.551,
        "cycles": 68685,
        "method": "milp",
        "speedup": 1.5068827503111268
    },
    "mvt_float": {
        "execution_time": 114517.728,
        "delay": 5.694,
        "cycles": 20112,
        "method": "milp",
        "speedup": 0.6727381982290113
    },
    "stencil_2d": {
        "execution_time": 113379.70800000001,
        "delay": 5.331,
        "cycles": 21268,
        "method": "milp",
        "speedup": 1.3445949252224214
    }
}