{
    "gaussian": {
        "execution_time": 19126.2,
        "delay": 6.024,
        "cycles": 3175,
        "method": "milp",
        "speedup": 1.4125911053946942
    },
    "covariance_float": {
        "execution_time": 1041942.7400000001,
        "delay": 5.924,
        "cycles": 175885,
        "method": "milp",
        "speedup": 0.8062169711936376
    },
    "insertion_sort": {
        "execution_time": 1611.03,
        "delay": 9.705,
        "cycles": 166,
        "method": "milp",
        "speedup": 0.9922099526389949
    },
    "gemver": {
        "execution_time": 97641.56,
        "delay": 6.22,
        "cycles": 15698,
        "method": "milp",
        "speedup": 0.5833810930509509
    },
    "gsumif": {
        "execution_time": 18995.262,
        "delay": 5.577,
        "cycles": 3406,
        "method": "milp",
        "speedup": 1.3930010546840574
    },
    "gsum": {
        "execution_time": 20932.604,
        "delay": 5.852,
        "cycles": 3577,
        "method": "milp",
        "speedup": 1.2027132410282066
    },
    "matrix": {
        "execution_time": 238386.356,
        "delay": 6.838,
        "cycles": 34862,
        "method": "milp",
        "speedup": 1.9759083863004305
    },
    "mvt_float": {
        "execution_time": 109393.41399999999,
        "delay": 5.443,
        "cycles": 20098,
        "method": "milp",
        "speedup": 0.7042512632433248
    },
    "stencil_2d": {
        "execution_time": 192025.52,
        "delay": 6.43,
        "cycles": 29864,
        "method": "milp",
        "speedup": 0.7939037477935225
    }
}