{
    "gaussian": {
        "execution_time": 21786.119000000002,
        "delay": 4.339,
        "cycles": 5021,
        "method": "milp",
        "speedup": 1.2401245031297221
    },
    "covariance_float": {
        "execution_time": 1015127.976,
        "delay": 5.718,
        "cycles": 177532,
        "method": "milp",
        "speedup": 0.8275133183798689
    },
    "insertion_sort": {
        "execution_time": 1138.83,
        "delay": 4.93,
        "cycles": 231,
        "method": "milp",
        "speedup": 1.403615991851286
    },
    "gemver": {
        "execution_time": 53764.335999999996,
        "delay": 5.036,
        "cycles": 10676,
        "method": "milp",
        "speedup": 1.059480024081391
    },
    "gsumif": {
        "execution_time": 23654.543999999998,
        "delay": 5.608,
        "cycles": 4218,
        "method": "milp",
        "speedup": 1.1186189004531222
    },
    "gsum": {
        "execution_time": 22888.733999999997,
        "delay": 5.302,
        "cycles": 4317,
        "method": "milp",
        "speedup": 1.099926278141902
    },
    "matrix": {
        "execution_time": 558866.8809999999,
        "delay": 5.507,
        "cycles": 101483,
        "method": "milp",
        "speedup": 0.8428296898845935
    },
    "mvt_float": {
        "execution_time": 80749.62000000001,
        "delay": 3.99,
        "cycles": 20238,
        "method": "milp",
        "speedup": 0.9540657900309623
    },
    "stencil_2d": {
        "execution_time": 172401.867,
        "delay": 4.873,
        "cycles": 35379,
        "method": "milp",
        "speedup": 0.884269890186282
    }
}