{
    "gaussian": {
        "execution_time": 21956.316,
        "delay": 4.386,
        "cycles": 5006,
        "method": "milp",
        "speedup": 1.230511530258537
    },
    "covariance_float": {
        "execution_time": 981694.4720000001,
        "delay": 5.368,
        "cycles": 182879,
        "method": "milp",
        "speedup": 0.8556958849820231
    },
    "insertion_sort": {
        "execution_time": 999.504,
        "delay": 5.048,
        "cycles": 198,
        "method": "milp",
        "speedup": 1.5992732395268052
    },
    "gemver": {
        "execution_time": 64026.196,
        "delay": 4.849,
        "cycles": 13204,
        "method": "milp",
        "speedup": 0.8896708466016003
    },
    "gsumif": {
        "execution_time": 21878.766,
        "delay": 5.187,
        "cycles": 4218,
        "method": "milp",
        "speedup": 1.2094109878043395
    },
    "gsum": {
        "execution_time": 22875.783000000003,
        "delay": 5.299,
        "cycles": 4317,
        "method": "milp",
        "speedup": 1.1005489954158072
    },
    "matrix": {
        "execution_time": 550545.275,
        "delay": 5.425,
        "cycles": 101483,
        "method": "milp",
        "speedup": 0.8555692354275495
    },
    "mvt_float": {
        "execution_time": 97889.971,
        "delay": 4.867,
        "cycles": 20113,
        "method": "milp",
        "speedup": 0.7870106530116348
    },
    "stencil_2d": {
        "execution_time": 132979.308,
        "delay": 4.686,
        "cycles": 28378,
        "method": "milp",
        "speedup": 1.1464173057660971
    }
}