{
    "gaussian": {
        "execution_time": 20350.772,
        "delay": 5.954,
        "cycles": 3418,
        "method": "milp",
        "speedup": 1.3275909139957933
    },
    "covariance_float": {
        "execution_time": 933601.3470000001,
        "delay": 5.229,
        "cycles": 178543,
        "method": "milp",
        "speedup": 0.8997758226242146
    },
    "insertion_sort": {
        "execution_time": 2364.88,
        "delay": 7.21,
        "cycles": 328,
        "method": "milp",
        "speedup": 0.675924359798383
    }
}