{
    "gsum": {
        "execution_time": 20996.859,
        "delay": 4.017,
        "cycles": 5227,
        "method": "milp",
        "speedup": 1.1990326743633417
    },
    "gsumif": {
        "execution_time": 22637.843999999997,
        "delay": 4.377,
        "cycles": 5172,
        "method": "milp",
        "speedup": 1.168857776385419
    }
}