{
    "gaussian": {
        "execution_time": 18834.868,
        "delay": 5.156,
        "cycles": 3653,
        "method": "milp",
        "speedup": 1.4344406342534497
    },
    "covariance_float": {
        "execution_time": 902340.738,
        "delay": 5.057,
        "cycles": 178434,
        "method": "milp",
        "speedup": 0.9309475729333634
    },
    "insertion_sort": {
        "execution_time": 892.24,
        "delay": 5.87,
        "cycles": 152,
        "method": "milp",
        "speedup": 1.79153590962073
    },
    "gemver": {
        "execution_time": 40710.24,
        "delay": 6.12,
        "cycles": 6652,
        "method": "milp",
        "speedup": 1.3992115988508051
    },
    "gsumif": {
        "execution_time": 23554.398,
        "delay": 5.537,
        "cycles": 4254,
        "method": "milp",
        "speedup": 1.1233749213204258
    },
    "gsum": {
        "execution_time": 23172.7,
        "delay": 5.389,
        "cycles": 4300,
        "method": "milp",
        "speedup": 1.0864474144143756
    },
    "matrix": {
        "execution_time": 380125.11600000004,
        "delay": 5.618,
        "cycles": 67662,
        "method": "milp",
        "speedup": 1.239143587660227
    },
    "mvt_float": {
        "execution_time": 101056.677,
        "delay": 5.043,
        "cycles": 20039,
        "method": "milp",
        "speedup": 0.7623489341530595
    },
    "stencil_2d": {
        "execution_time": 118482.29800000001,
        "delay": 5.578,
        "cycles": 21241,
        "method": "milp",
        "speedup": 1.2866882443485355
    }
}