{
    "gaussian": {
        "execution_time": 16384.420000000002,
        "delay": 4.756,
        "cycles": 3445,
        "method": "milp",
        "speedup": 1.648975062895116
    },
    "covariance_float": {
        "execution_time": 964884.912,
        "delay": 5.457,
        "cycles": 176816,
        "method": "milp",
        "speedup": 0.8706032289993979
    },
    "insertion_sort": {
        "execution_time": 917.5889999999999,
        "delay": 5.771,
        "cycles": 159,
        "method": "milp",
        "speedup": 1.7420435510887773
    },
    "gemver": {
        "execution_time": 54150.35600000001,
        "delay": 5.057,
        "cycles": 10708,
        "method": "milp",
        "speedup": 1.0519273409762993
    },
    "gsumif": {
        "execution_time": 23100.555,
        "delay": 5.465,
        "cycles": 4227,
        "method": "milp",
        "speedup": 1.1454452068359395
    },
    "gsum": {
        "execution_time": 23079.21,
        "delay": 5.335,
        "cycles": 4326,
        "method": "milp",
        "speedup": 1.0908484302538952
    },
    "matrix": {
        "execution_time": 332091.975,
        "delay": 4.835,
        "cycles": 68685,
        "method": "milp",
        "speedup": 1.4183709196827174
    },
    "mvt_float": {
        "execution_time": 94674.90699999999,
        "delay": 4.717,
        "cycles": 20071,
        "method": "milp",
        "speedup": 0.8137367380778098
    },
    "stencil_2d": {
        "execution_time": 199184.94900000002,
        "delay": 5.283,
        "cycles": 37703,
        "method": "milp",
        "speedup": 0.7653679696451361
    }
}