{
    "gaussian": {
        "execution_time": 23140.357999999997,
        "delay": 4.834,
        "cycles": 4787,
        "method": "milp",
        "speedup": 1.1675489203753893
    },
    "covariance_float": {
        "execution_time": 1018386.0959999999,
        "delay": 5.512,
        "cycles": 184758,
        "method": "milp",
        "speedup": 0.8248658571630774
    }
}