{
    "gaussian": {
        "execution_time": 15388.131000000001,
        "delay": 4.413,
        "cycles": 3487,
        "method": "milp",
        "speedup": 1.7557362879221654
    },
    "covariance_float": {
        "execution_time": 957282.5170000001,
        "delay": 5.267,
        "cycles": 181751,
        "method": "milp",
        "speedup": 0.8775172481291642
    },
    "insertion_sort": {
        "execution_time": 1415.316,
        "delay": 5.684,
        "cycles": 249,
        "method": "milp",
        "speedup": 1.1294156216703548
    },
    "gemver": {
        "execution_time": 43117.045999999995,
        "delay": 5.762,
        "cycles": 7483,
        "method": "milp",
        "speedup": 1.3211072020100822
    },
    "gsumif": {
        "execution_time": 22805.456000000002,
        "delay": 5.176,
        "cycles": 4406,
        "method": "milp",
        "speedup": 1.160267086963751
    },
    "gsum": {
        "execution_time": 21315.756,
        "delay": 8.211,
        "cycles": 2596,
        "method": "milp",
        "speedup": 1.1810943979655237
    },
    "matrix": {
        "execution_time": 210611.415,
        "delay": 6.195,
        "cycles": 33997,
        "method": "milp",
        "speedup": 2.2364865646052468
    },
    "mvt_float": {
        "execution_time": 86332.463,
        "delay": 3.829,
        "cycles": 22547,
        "method": "milp",
        "speedup": 0.8923694207589096
    },
    "stencil_2d": {
        "execution_time": 127078.112,
        "delay": 5.558,
        "cycles": 22864,
        "method": "milp",
        "speedup": 1.1996541151004825
    },
    "invertion": {
        "execution_time": 10173.483,
        "delay": 5.069,
        "cycles": 2007,
        "method": "milp",
        "speedup": 0.8617084237522195
    }
}