{
    "gaussian": {
        "execution_time": 24470.616,
        "delay": 4.863,
        "cycles": 5032,
        "method": "milp",
        "speedup": 1.1040792761408211
    },
    "covariance_float": {
        "execution_time": 964108.416,
        "delay": 4.819,
        "cycles": 200064,
        "method": "milp",
        "speedup": 0.8713044156229002
    },
    "insertion_sort": {
        "execution_time": 1558.6889999999999,
        "delay": 4.917,
        "cycles": 317,
        "method": "milp",
        "speedup": 1.025528505044945
    },
    "gemver": {
        "execution_time": 61976.502,
        "delay": 5.022,
        "cycles": 12341,
        "method": "milp",
        "speedup": 0.9190941431318599
    },
    "gsumif": {
        "execution_time": 23881.728000000003,
        "delay": 5.408,
        "cycles": 4416,
        "method": "milp",
        "speedup": 1.107977613680216
    },
    "gsum": {
        "execution_time": 26223.448,
        "delay": 3.992,
        "cycles": 6569,
        "method": "milp",
        "speedup": 0.9600537656222783
    },
    "matrix": {
        "execution_time": 608976.684,
        "delay": 4.572,
        "cycles": 133197,
        "method": "milp",
        "speedup": 0.7734772321759366
    },
    "mvt_float": {
        "execution_time": 100223.96999999999,
        "delay": 4.515,
        "cycles": 22198,
        "method": "milp",
        "speedup": 0.7686828809515329
    },
    "stencil_2d": {
        "execution_time": 157930.596,
        "delay": 4.572,
        "cycles": 34543,
        "method": "milp",
        "speedup": 0.9652960468787188
    }
}