{
    "gaussian": {
        "execution_time": 15388.131000000001,
        "delay": 4.413,
        "cycles": 3487,
        "method": "milp",
        "speedup": 1.7557362879221654
    },
    "covariance_float": {
        "execution_time": 748765.3659999999,
        "delay": 4.183,
        "cycles": 179002,
        "method": "milp",
        "speedup": 1.1218893903808045
    },
    "insertion_sort": {
        "execution_time": 846.039,
        "delay": 5.321,
        "cycles": 159,
        "method": "milp",
        "speedup": 1.8893691661968302
    },
    "gemver": {
        "execution_time": 40051.692,
        "delay": 6.021,
        "cycles": 6652,
        "method": "milp",
        "speedup": 1.4222180675912517
    },
    "gsumif": {
        "execution_time": 18845.4,
        "delay": 4.487,
        "cycles": 4200,
        "method": "milp",
        "speedup": 1.4040784488522395
    },
    "gsum": {
        "execution_time": 17316.372,
        "delay": 4.028,
        "cycles": 4299,
        "method": "milp",
        "speedup": 1.4538796001841496
    },
    "matrix": {
        "execution_time": 208474.76,
        "delay": 5.98,
        "cycles": 34862,
        "method": "milp",
        "speedup": 2.2594082852044055
    },
    "mvt_float": {
        "execution_time": 80749.62000000001,
        "delay": 3.99,
        "cycles": 20238,
        "method": "milp",
        "speedup": 0.9540657900309623
    },
    "stencil_2d": {
        "execution_time": 108509.33600000001,
        "delay": 5.102,
        "cycles": 21268,
        "method": "milp",
        "speedup": 1.404946206656356
    },
    "invertion": {
        "execution_time": 8027.984,
        "delay": 3.998,
        "cycles": 2008,
        "method": "milp",
        "speedup": 1.0920021763869983
    }
}