{
    "gaussian": {
        "execution_time": 15388.131000000001,
        "delay": 4.413,
        "cycles": 3487,
        "method": "milp",
        "speedup": 1.7557362879221654
    },
    "covariance_float": {
        "execution_time": 751450.3960000001,
        "delay": 4.198,
        "cycles": 179002,
        "method": "milp",
        "speedup": 1.1178807336738696
    },
    "insertion_sort": {
        "execution_time": 846.039,
        "delay": 5.321,
        "cycles": 159,
        "method": "milp",
        "speedup": 1.8893691661968302
    },
    "gemver": {
        "execution_time": 40710.24,
        "delay": 6.12,
        "cycles": 6652,
        "method": "milp",
        "speedup": 1.3992115988508051
    },
    "gsumif": {
        "execution_time": 18995.262,
        "delay": 5.577,
        "cycles": 3406,
        "method": "milp",
        "speedup": 1.3930010546840574
    },
    "gsum": {
        "execution_time": 20932.604,
        "delay": 5.852,
        "cycles": 3577,
        "method": "milp",
        "speedup": 1.2027132410282066
    },
    "matrix": {
        "execution_time": 208474.76,
        "delay": 5.98,
        "cycles": 34862,
        "method": "milp",
        "speedup": 2.2594082852044055
    },
    "mvt_float": {
        "execution_time": 80749.62000000001,
        "delay": 3.99,
        "cycles": 20238,
        "method": "milp",
        "speedup": 0.9540657900309623
    },
    "stencil_2d": {
        "execution_time": 113379.70800000001,
        "delay": 5.331,
        "cycles": 21268,
        "method": "milp",
        "speedup": 1.3445949252224214
    },
    "invertion": {
        "execution_time": 8027.984,
        "delay": 3.998,
        "cycles": 2008,
        "method": "milp",
        "speedup": 1.0920021763869983
    }
}