{
    "gaussian": {
        "execution_time": 15371.382000000001,
        "delay": 4.583,
        "cycles": 3354,
        "method": "milp",
        "speedup": 1.7576493772648418
    },
    "covariance_float": {
        "execution_time": 747540.723,
        "delay": 4.227,
        "cycles": 176849,
        "method": "milp",
        "speedup": 1.1237273022783536
    },
    "insertion_sort": {
        "execution_time": 846.039,
        "delay": 5.321,
        "cycles": 159,
        "method": "milp",
        "speedup": 1.8893691661968302
    },
    "gemver": {
        "execution_time": 33508.562,
        "delay": 5.014,
        "cycles": 6683,
        "method": "milp",
        "speedup": 1.6999309012424944
    },
    "gsumif": {
        "execution_time": 17336.916,
        "delay": 3.942,
        "cycles": 4398,
        "method": "milp",
        "speedup": 1.5262472287458737
    },
    "gsum": {
        "execution_time": 17316.372,
        "delay": 4.028,
        "cycles": 4299,
        "method": "milp",
        "speedup": 1.4538796001841496
    },
    "matrix": {
        "execution_time": 208474.76,
        "delay": 5.98,
        "cycles": 34862,
        "method": "milp",
        "speedup": 2.2594082852044055
    },
    "mvt_float": {
        "execution_time": 71508.44099999999,
        "delay": 3.561,
        "cycles": 20081,
        "method": "milp",
        "speedup": 1.0773616222454074
    },
    "stencil_2d": {
        "execution_time": 108509.33600000001,
        "delay": 5.102,
        "cycles": 21268,
        "method": "milp",
        "speedup": 1.404946206656356
    },
    "invertion": {
        "execution_time": 8027.984,
        "delay": 3.998,
        "cycles": 2008,
        "method": "milp",
        "speedup": 1.0920021763869983
    },
    "convolutional_neural_network": {
        "execution_time": 2251220.72,
        "delay": 5.11,
        "cycles": 440552,
        "method": "milp"
    }
}