{
    "gaussian": {
        "execution_time": 16051.952,
        "delay": 4.568,
        "cycles": 3514,
        "method": "milp",
        "speedup": 1.6831286313340583
    },
    "covariance_float": {
        "execution_time": 957282.5170000001,
        "delay": 5.267,
        "cycles": 181751,
        "method": "milp",
        "speedup": 0.8775172481291642
    },
    "insertion_sort": {
        "execution_time": 1415.316,
        "delay": 5.684,
        "cycles": 249,
        "method": "milp",
        "speedup": 1.1294156216703548
    },
    "gemver": {
        "execution_time": 61976.502,
        "delay": 5.022,
        "cycles": 12341,
        "method": "milp",
        "speedup": 0.9190941431318599
    },
    "gsumif": {
        "execution_time": 22805.456000000002,
        "delay": 5.176,
        "cycles": 4406,
        "method": "milp",
        "speedup": 1.160267086963751
    },
    "gsum": {
        "execution_time": 21947.026,
        "delay": 4.814,
        "cycles": 4559,
        "method": "milp",
        "speedup": 1.1471221658916337
    },
    "matrix": {
        "execution_time": 210611.415,
        "delay": 6.195,
        "cycles": 33997,
        "method": "milp",
        "speedup": 2.2364865646052468
    },
    "mvt_float": {
        "execution_time": 86332.463,
        "delay": 3.829,
        "cycles": 22547,
        "method": "milp",
        "speedup": 0.8923694207589096
    },
    "stencil_2d": {
        "execution_time": 157930.596,
        "delay": 4.572,
        "cycles": 34543,
        "method": "milp",
        "speedup": 0.9652960468787188
    },
    "invertion": {
        "execution_time": 10907.456,
        "delay": 5.432,
        "cycles": 2008,
        "method": "milp",
        "speedup": 0.8037232513245985
    }
}