{
    "gaussian": {
        "execution_time": 24470.616,
        "delay": 4.863,
        "cycles": 5032,
        "method": "milp",
        "speedup": 1.1040792761408211
    },
    "covariance_float": {
        "execution_time": 964108.416,
        "delay": 4.819,
        "cycles": 200064,
        "method": "milp",
        "speedup": 0.8713044156229002
    },
    "insertion_sort": {
        "execution_time": 1713.144,
        "delay": 5.223,
        "cycles": 328,
        "method": "milp",
        "speedup": 0.9330680900146164
    },
    "gemver": {
        "execution_time": 85609.68,
        "delay": 5.52,
        "cycles": 15509,
        "method": "milp",
        "speedup": 0.6653714860282155
    },
    "gsumif": {
        "execution_time": 23881.728000000003,
        "delay": 5.408,
        "cycles": 4416,
        "method": "milp",
        "speedup": 1.107977613680216
    },
    "gsum": {
        "execution_time": 26223.448,
        "delay": 3.992,
        "cycles": 6569,
        "method": "milp",
        "speedup": 0.9600537656222783
    },
    "matrix": {
        "execution_time": 619548.1830000001,
        "delay": 4.581,
        "cycles": 135243,
        "method": "milp",
        "speedup": 0.7602792049508762
    },
    "mvt_float": {
        "execution_time": 104892.24600000001,
        "delay": 4.698,
        "cycles": 22327,
        "method": "milp",
        "speedup": 0.7344723078958572
    },
    "stencil_2d": {
        "execution_time": 200377.76,
        "delay": 7.088,
        "cycles": 28270,
        "method": "milp",
        "speedup": 0.7608118785238441
    }
}