{
    "gaussian": {
        "execution_time": 24470.616,
        "delay": 4.863,
        "cycles": 5032,
        "method": "milp",
        "speedup": 1.1040792761408211
    },
    "covariance_float": {
        "execution_time": 964108.416,
        "delay": 4.819,
        "cycles": 200064,
        "method": "milp",
        "speedup": 0.8713044156229002
    },
    "insertion_sort": {
        "execution_time": 1445.3999999999999,
        "delay": 4.818,
        "cycles": 300,
        "method": "milp",
        "speedup": 1.1059083990590841
    },
    "gemver": {
        "execution_time": 61976.502,
        "delay": 5.022,
        "cycles": 12341,
        "method": "milp",
        "speedup": 0.9190941431318599
    },
    "gsumif": {
        "execution_time": 23881.728000000003,
        "delay": 5.408,
        "cycles": 4416,
        "method": "milp",
        "speedup": 1.107977613680216
    },
    "gsum": {
        "execution_time": 25876.564000000002,
        "delay": 3.494,
        "cycles": 7406,
        "method": "milp",
        "speedup": 0.972923607631987
    },
    "matrix": {
        "execution_time": 459969.4,
        "delay": 4.58,
        "cycles": 100430,
        "method": "milp",
        "speedup": 1.024045512592794
    },
    "mvt_float": {
        "execution_time": 100223.96999999999,
        "delay": 4.515,
        "cycles": 22198,
        "method": "milp",
        "speedup": 0.7686828809515329
    },
    "stencil_2d": {
        "execution_time": 157930.596,
        "delay": 4.572,
        "cycles": 34543,
        "method": "milp",
        "speedup": 0.9652960468787188
    }
}