{
    "gaussian": {
        "execution_time": 15388.131000000001,
        "delay": 4.413,
        "cycles": 3487,
        "method": "milp",
        "speedup": 1.7557362879221654
    },
    "covariance_float": {
        "execution_time": 933601.3470000001,
        "delay": 5.229,
        "cycles": 178543,
        "method": "milp",
        "speedup": 0.8997758226242146
    },
    "insertion_sort": {
        "execution_time": 1283.346,
        "delay": 5.154,
        "cycles": 249,
        "method": "milp",
        "speedup": 1.2455565373640467
    },
    "gemver": {
        "execution_time": 43117.045999999995,
        "delay": 5.762,
        "cycles": 7483,
        "method": "milp",
        "speedup": 1.3211072020100822
    },
    "gsumif": {
        "execution_time": 22805.456000000002,
        "delay": 5.176,
        "cycles": 4406,
        "method": "milp",
        "speedup": 1.160267086963751
    },
    "gsum": {
        "execution_time": 21315.756,
        "delay": 8.211,
        "cycles": 2596,
        "method": "milp",
        "speedup": 1.1810943979655237
    },
    "matrix": {
        "execution_time": 208474.76,
        "delay": 5.98,
        "cycles": 34862,
        "method": "milp",
        "speedup": 2.2594082852044055
    },
    "mvt_float": {
        "execution_time": 86332.463,
        "delay": 3.829,
        "cycles": 22547,
        "method": "milp",
        "speedup": 0.8923694207589096
    },
    "stencil_2d": {
        "execution_time": 127078.112,
        "delay": 5.558,
        "cycles": 22864,
        "method": "milp",
        "speedup": 1.1996541151004825
    },
    "invertion": {
        "execution_time": 10173.483,
        "delay": 5.069,
        "cycles": 2007,
        "method": "milp",
        "speedup": 0.8617084237522195
    }
}