{
    "gaussian": {
        "execution_time": 15371.382000000001,
        "delay": 4.583,
        "cycles": 3354,
        "method": "milp",
        "speedup": 1.7576493772648418
    },
    "covariance_float": {
        "execution_time": 848760.738,
        "delay": 4.799,
        "cycles": 176862,
        "method": "milp",
        "speedup": 0.9897158084614417
    },
    "insertion_sort": {
        "execution_time": 1239.77,
        "delay": 6.23,
        "cycles": 199,
        "method": "milp",
        "speedup": 1.2893359252119345
    },
    "gemver": {
        "execution_time": 82509.75499999999,
        "delay": 5.611,
        "cycles": 14705,
        "method": "milp",
        "speedup": 0.6903697629449997
    },
    "gsumif": {
        "execution_time": 23099.157,
        "delay": 4.443,
        "cycles": 5199,
        "method": "milp",
        "speedup": 1.1455145311147068
    },
    "gsum": {
        "execution_time": 24284.642,
        "delay": 4.646,
        "cycles": 5227,
        "method": "milp",
        "speedup": 1.036701302823406
    },
    "matrix": {
        "execution_time": 293179.446,
        "delay": 4.333,
        "cycles": 67662,
        "method": "milp",
        "speedup": 1.606625588616468
    },
    "mvt_float": {
        "execution_time": 75806.898,
        "delay": 3.793,
        "cycles": 19986,
        "method": "milp",
        "speedup": 1.0162722922655403
    },
    "stencil_2d": {
        "execution_time": 117440.976,
        "delay": 4.978,
        "cycles": 23592,
        "method": "milp",
        "speedup": 1.2980970117278317
    }
}